path,source,width,height,mode
"logos/horizontal/logo-primary-horizontal.png","Screenshot 2026-07-02 223313.png",1492,410,"transparent"
"logos/horizontal/logo-horizontal-lockup-card.png","Screenshot 2026-07-02 223837.png",2170,620,"preserve"
"logos/stacked/logo-stacked.png","Screenshot 2026-07-02 223320.png",1132,828,"transparent"
"logos/icon-only/bino-icon-only.png","Screenshot 2026-07-02 223325.png",864,748,"transparent"
"logos/wordmark/binocart-wordmark.png","Screenshot 2026-07-02 223331.png",924,212,"transparent"
"icons/app/app-icon-green-1024.png","Screenshot 2026-07-02 223826.png",1024,1024,"preserve-square"
"icons/app/ios-app-icon.png","Screenshot 2026-07-02 223612.png",600,496,"preserve"
"icons/app/android-adaptive-icon.png","Screenshot 2026-07-02 223617.png",756,552,"preserve"
"icons/app/apple-touch-icon.png","Screenshot 2026-07-02 223624.png",544,540,"preserve"
"icons/app/favicon-preview.png","Screenshot 2026-07-02 223620.png",296,212,"transparent"
"icons/variations/icon-white-rounded.png","Screenshot 2026-07-02 223351.png",716,676,"preserve"
"icons/variations/icon-green-rounded.png","Screenshot 2026-07-02 223401.png",712,688,"preserve"
"icons/variations/icon-dark-rounded.png","Screenshot 2026-07-02 223407.png",788,712,"preserve"
"icons/variations/icon-mint-rounded.png","Screenshot 2026-07-02 223411.png",720,716,"preserve"
"icons/feature/feature-icons-strip.png","Screenshot 2026-07-02 223853.png",1946,164,"preserve"
"mascot/mascot-bino-head.png","Screenshot 2026-07-02 223830.png",1755,1008,"transparent"
"mascot/expressions/bino-happy.png","Screenshot 2026-07-02 223423.png",540,368,"transparent"
"mascot/expressions/bino-thinking.png","Screenshot 2026-07-02 223435.png",552,524,"transparent"
"mascot/expressions/bino-thinking-simple.png","Screenshot 2026-07-02 223428.png",552,440,"transparent"
"mascot/expressions/bino-excited.png","Screenshot 2026-07-02 223439.png",556,536,"transparent"
"mascot/expressions/bino-surprised.png","Screenshot 2026-07-02 223445.png",564,496,"transparent"
"mascot/expressions/bino-sleepy.png","Screenshot 2026-07-02 223450.png",580,560,"transparent"
"mascot/poses/bino-scan.png","Screenshot 2026-07-02 223715.png",492,584,"transparent"
"mascot/poses/bino-compare.png","Screenshot 2026-07-02 223719.png",484,596,"transparent"
"mascot/poses/bino-save.png","Screenshot 2026-07-02 223723.png",388,512,"transparent"
"mascot/poses/bino-alert.png","Screenshot 2026-07-02 223727.png",416,560,"transparent"
"mascot/poses/bino-list.png","Screenshot 2026-07-02 223734.png",464,576,"transparent"
"mascot/poses/bino-thumbs-up.png","Screenshot 2026-07-02 223738.png",384,560,"transparent"
"mascot/poses/mascot-character-sheet.png","Screenshot 2026-07-02 223710.png",1578,474,"preserve"
"brand-system/brand-colors.png","Screenshot 2026-07-02 223630.png",1340,712,"preserve"
"brand-system/colors/primary-green.png","Screenshot 2026-07-02 223635.png",308,596,"preserve"
"brand-system/colors/near-black.png","Screenshot 2026-07-02 223639.png",244,568,"preserve"
"brand-system/colors/warm-white.png","Screenshot 2026-07-02 223644.png",256,588,"preserve"
"brand-system/colors/amber.png","Screenshot 2026-07-02 223648.png",224,564,"preserve"
"brand-system/colors/mint.png","Screenshot 2026-07-02 223652.png",252,556,"preserve"
"brand-system/typography-poppins.png","Screenshot 2026-07-02 223700.png",1248,564,"preserve"
"usage/website-header.png","Screenshot 2026-07-02 223753.png",1332,296,"preserve"
"usage/mobile-app-preview.png","Screenshot 2026-07-02 223759.png",1268,548,"preserve"
"usage/social-preview-1200x630.png","Screenshot 2026-07-02 223805.png",1230,597,"preserve"
"usage/file-formats-included.png","Screenshot 2026-07-02 223810.png",1503,240,"preserve"
"reference/crops/logo-lockups-section.png","Screenshot 2026-07-02 223306.png",1602,1042,"preserve"
"reference/crops/icon-variations-section.png","Screenshot 2026-07-02 223343.png",1464,454,"preserve"
"reference/crops/mascot-expressions-section.png","Screenshot 2026-07-02 223418.png",1532,444,"preserve"
"reference/crops/app-icons-section.png","Screenshot 2026-07-02 223500.png",1470,396,"preserve"
"reference/crops/usage-examples-section.png","Screenshot 2026-07-02 223748.png",1372,940,"preserve"
"icons/app/favicon-32.png","generated from favicon-preview.png",32,32,"generated"
"icons/app/favicon-64.png","generated from favicon-preview.png",64,64,"generated"
